geometry,ID,ACH Identifier,Name,Place Status,Place Type,Region,Culturally Sensitive,Culturally Sensitive Nature,Restricted Place,Boundary Reliable,Knowledge Holders,Legacy ID,Boundary Last Update Date,,,Latitude_DMS,Longitude_DMS,Latitude,Longitude
Geocortex.Gis.Geometries.Polygon,636,ACH-00000636,OYSTER HARBOUR (total),Register,Creation / Dreaming Narrative,Southern,No,No Gender / Initiation Restrictions,No,Yes,*Registered Knowledge Holder names available from DPLH,S02888,2011-11-13T16:00:00.0000000,,,"34° 58' 22.2"" S","117° 57' 34.5"" E",-34.97283333,117.9595833
Geocortex.Gis.Geometries.Polygon,637,ACH-00000637,GREEN ISLAND,Register,Creation / Dreaming Narrative; Historical,Southern,No,No Gender / Initiation Restrictions,No,Yes,*Registered Knowledge Holder names available from DPLH,S02889,2011-11-13T16:00:00.0000000,,,"34° 59' 8.8"" S","117° 57' 7.3"" E",-34.98577778,117.9520278
Geocortex.Gis.Geometries.Polygon,4456,ACH-00004456,LAKE VANCOUVER,Register,Artefacts / Scatter,Southern,No,No Gender / Initiation Restrictions,No,Yes,*Registered Knowledge Holder names available from DPLH,S02764,2023-06-14T16:00:00.0000000,,,"35° 5' 7.3"" S","117° 55' 44.5"" E",-35.08536111,117.9290278
Geocortex.Gis.Geometries.Polygon,4784,ACH-00004784,ALBANY ENGRAVINGS,Register,Engraving,Southern,No,No Gender / Initiation Restrictions,No,Yes,*Registered Knowledge Holder names available from DPLH,S01905,2000-05-11T16:00:00.0000000,,,"35° 0' 59.5"" S","118° 1' 35.2"" E",-35.01652778,118.0264444
Geocortex.Gis.Geometries.Polygon,4837,ACH-00004837,LIMEKILNS POINT,Register,Fish Trap; Traditional Structure,Southern,No,No Gender / Initiation Restrictions,No,Yes,*Registered Knowledge Holder names available from DPLH,S01904,2000-05-11T16:00:00.0000000,,,"35° 5' 2.7"" S","117° 54' 23.4"" E",-35.08408333,117.9065
Geocortex.Gis.Geometries.Polygon,4911,ACH-00004911,HERALD POINT.,Register,Artefacts / Scatter; Shell,Southern,No,No Gender / Initiation Restrictions,No,No,*Registered Knowledge Holder names available from DPLH,S01739,2000-05-11T16:00:00.0000000,,,"35° 0' 53.0"" S","118° 1' 4.9"" E",-35.01472222,118.0180278
Geocortex.Gis.Geometries.Polygon,5117,ACH-00005117,GULL ROCK LAKE ROAD,Register,Artefacts / Scatter,Southern,No,No Gender / Initiation Restrictions,No,Yes,*Registered Knowledge Holder names available from DPLH,S01508,2000-05-14T16:00:00.0000000,,,"34° 59' 57.9"" S","118° 0' 35.3"" E",-34.99941667,118.0098056
Geocortex.Gis.Geometries.Polygon,5118,ACH-00005118,LEDGE BEACH ROAD,Register,Artefacts / Scatter,Southern,No,No Gender / Initiation Restrictions,No,No,*Registered Knowledge Holder names available from DPLH,S01509,2000-05-11T16:00:00.0000000,,,"35° 0' 32.9"" S","117° 59' 14.8"" E",-35.00913889,117.9874444
Geocortex.Gis.Geometries.Polygon,5188,ACH-00005188,Weelara Lake (DEADMANS LAKE),Register,Camp; Other; Water Source,Southern,No,No Gender / Initiation Restrictions,No,Yes,*Registered Knowledge Holder names available from DPLH,S01379,2011-11-13T16:00:00.0000000,,,"35° 0' 15.7"" S","117° 51' 47.2"" E",-35.00436111,117.8631111
Geocortex.Gis.Geometries.Polygon,5708,ACH-00005708,MUTTON BIRD ISLAND.,Register,Other,Southern,No,No Gender / Initiation Restrictions,No,Yes,*Registered Knowledge Holder names available from DPLH,S00414,2022-07-07T16:00:00.0000000,,,"35° 3' 0.2"" S","117° 41' 49.6"" E",-35.05005556,117.6971111
Geocortex.Gis.Geometries.Polygon,5743,ACH-00005743,"KING POINT, ALBANY.",Register,Other,Southern,No,No Gender / Initiation Restrictions,No,Yes,*Registered Knowledge Holder names available from DPLH,S00397,2013-01-13T16:00:00.0000000,,,"35° 2' 8.6"" S","117° 55' 9.9"" E",-35.03572222,117.9194167
Geocortex.Gis.Geometries.Polygon,5744,ACH-00005744,"OYSTER HARBOUR, ALBANY.",Register,Artefacts / Scatter; Camp; Fish Trap; Other,Southern,No,No Gender / Initiation Restrictions,No,No,*Registered Knowledge Holder names available from DPLH,S00398,2000-01-13T16:00:00.0000000,,,"34° 56' 51.4"" S","117° 57' 44.4"" E",-34.94761111,117.9623333
Geocortex.Gis.Geometries.Polygon,5746,ACH-00005746,KALGAN RIVER,Register,Creation / Dreaming Narrative; Fish Trap,Southern,No,No Gender / Initiation Restrictions,No,No,*Registered Knowledge Holder names available from DPLH,S00400,2007-06-04T16:00:00.0000000,,,"34° 54' 0.0"" S","117° 59' 47.1"" E",-34.9,117.9964167
Geocortex.Gis.Geometries.Polygon,5748,ACH-00005748,SWEEP ROCK,Register,Grinding areas / Grooves,Southern,No,No Gender / Initiation Restrictions,No,No,*Registered Knowledge Holder names available from DPLH,S00402,1998-12-02T16:00:00.0000000,,,"34° 58' 11.2"" S","118° 11' 24.0"" E",-34.96977778,118.19
Geocortex.Gis.Geometries.Polygon,5750,ACH-00005750,TWO PEOPLES BAY NORTH,Register,Grinding areas / Grooves,Southern,No,No Gender / Initiation Restrictions,No,No,*Registered Knowledge Holder names available from DPLH,S00404,1998-12-02T16:00:00.0000000,,,"34° 56' 1.5"" S","118° 11' 22.3"" E",-34.93375,118.1895278
Geocortex.Gis.Geometries.Polygon,17475,ACH-00017475,TOOLERBERUP,Register,Creation / Dreaming Narrative; Historical; Landscape / Seascape Feature; Water Source,Southern,Yes,No Gender / Initiation Restrictions,Yes,Yes,*Registered Knowledge Holder names available from DPLH,,2000-07-28T16:00:00.0000000,,,"34° 58' 29.9"" S","118° 12' 0.1"" E",-34.97497222,118.2000278
Geocortex.Gis.Geometries.Polygon,18705,ACH-00018705,Black Stump,Register,Burial,Southern,No,No Gender / Initiation Restrictions,No,Yes,*Registered Knowledge Holder names available from DPLH,,2007-03-05T15:00:00.0000000,,,"35° 1' 15.9"" S","117° 49' 7.6"" E",-35.02108333,117.8187778
Geocortex.Gis.Geometries.Polygon,21761,ACH-00021761,Mokare's Grave,Register,Burial,Southern,No,No Gender / Initiation Restrictions,No,Yes,*Registered Knowledge Holder names available from DPLH,,2005-02-24T16:00:00.0000000,,,"35° 1' 25.3"" S","117° 52' 57.7"" E",-35.02369444,117.8826944
Geocortex.Gis.Geometries.Polygon,21833,ACH-00021833,EAST BANK OF CREEK 1,Register,Creation / Dreaming Narrative; Landscape / Seascape Feature,Southern,No,No Gender / Initiation Restrictions,No,Yes,*Registered Knowledge Holder names available from DPLH,,2008-01-03T15:00:00.0000000,,,"34° 57' 38.4"" S","117° 51' 55.9"" E",-34.96066667,117.8655278
Geocortex.Gis.Geometries.Polygon,21835,ACH-00021835,EAST BANK OF CREEK 2,Register,Creation / Dreaming Narrative; Water Source,Southern,No,No Gender / Initiation Restrictions,No,Yes,*Registered Knowledge Holder names available from DPLH,,2008-01-03T15:00:00.0000000,,,"34° 57' 38.0"" S","117° 51' 36.7"" E",-34.96055556,117.8601944
Geocortex.Gis.Geometries.Polygon,21837,ACH-00021837,CREEK 3,Register,Creation / Dreaming Narrative; Landscape / Seascape Feature; Water Source,Southern,No,No Gender / Initiation Restrictions,No,Yes,*Registered Knowledge Holder names available from DPLH,,2010-02-24T16:00:00.0000000,,,"34° 57' 22.7"" S","117° 49' 54.5"" E",-34.95630556,117.8318056
Geocortex.Gis.Geometries.Polygon,22526,ACH-00022526,Paddy Coyne's Camp,Register,Camp; Historical,Southern,No,No Gender / Initiation Restrictions,No,Yes,*Registered Knowledge Holder names available from DPLH,,2010-04-07T16:00:00.0000000,,,"35° 0' 26.7"" S","117° 51' 53.8"" E",-35.00741667,117.8649444
Geocortex.Gis.Geometries.Polygon,22527,ACH-00022527,Albany Noongar Centre Ochre Site,Register,Ritual / Ceremonial; Historical; Ochre,Southern,No,No Gender / Initiation Restrictions,No,Yes,*Registered Knowledge Holder names available from DPLH,,2007-07-19T16:00:00.0000000,,,"35° 0' 24.7"" S","117° 51' 46.8"" E",-35.00686111,117.863
Geocortex.Gis.Geometries.Polygon,22556,ACH-00022556,Barmup (Strawberry Hill Farm),Register,Artefacts / Scatter; Camp; Historical,Southern,No,No Gender / Initiation Restrictions,No,Yes,*Registered Knowledge Holder names available from DPLH,,2007-02-01T15:00:00.0000000,,,"35° 1' 1.9"" S","117° 54' 1.5"" E",-35.01719444,117.9004167
Geocortex.Gis.Geometries.Polygon,31739,ACH-00031739,Kalgan River,Register,Creation / Dreaming Narrative; Historical; Water Source,Southern,No,No Gender / Initiation Restrictions,No,No,*Registered Knowledge Holder names available from DPLH,,2019-10-07T16:00:00.0000000,,,"34° 55' 22.8"" S","117° 58' 35.3"" E",-34.923,117.9764722
